country,year,count
Afghanistan,2015,19
Angola,2015,0
Armenia,2015,0
Azerbaijan,2015,0
Bahamas,2015,0
Bangladesh,2015,0
Belarus,2015,7
Bhutan,2015,118
Botswana,2015,0
Burma,2015,414
Burundi,2015,25
Cambodia,2015,0
Cameroon,2015,3
Central African Republic,2015,7
Chad,2015,1
China,2015,1
Colombia,2015,6
Congo,2015,0
Cuba,2015,12
Dem. Rep. Congo,2015,157
Djibouti,2015,0
Ecuador,2015,0
Egypt,2015,0
Equatorial guinea,2015,0
Eritrea,2015,83
Ethiopia,2015,26
Gabon,2015,0
Georgia,2015,5
Guinea,2015,0
India,2015,0
Indonesia,2015,2
Iran,2015,138
Iraq,2015,528
Ivory Coast,2015,0
Jamaica,2015,0
Jordan,2015,2
Kazakhstan,2015,15
Kenya,2015,1
"Korea, North",2015,0
Kuwait,2015,0
Kyrgyzstan,2015,1
Lebanon,2015,0
Liberia,2015,0
Malaysia,2015,0
Mali,2015,0
Moldova,2015,97
Namibia,2015,0
Nepal,2015,8
Netherlands,2015,0
Nigeria,2015,0
Pakistan,2015,0
Palestine,2015,1
Philippines,2015,0
Republic of South Sudan,2015,0
Russia,2015,54
Rwanda,2015,0
Saudi Arabia,2015,0
Senegal,2015,0
Sierra leone,2015,0
Somalia,2015,357
South africa,2015,0
Sri Lanka,2015,5
Stateless Citizenship,2015,0
Sudan,2015,26
Syria,2015,25
Tanzania,2015,0
Thailand,2015,1
Gambia,2015,0
Togo,2015,0
Tunisia,2015,0
Turkey,2015,0
Turkmenistan,2015,0
Uganda,2015,0
Ukraine,2015,466
United Kingdom,2015,0
Uzbekistan,2015,7
Vietnam,2015,7
Yemen,2015,0
Zimbabwe,2015,0
Afghanistan,2014,308
Albania,2014,0
Belarus,2014,10
Bhutan,2014,122
Burma,2014,334
Burundi,2014,7
Cambodia,2014,0
Chad,2014,1
China,2014,0
Columbia,2014,20
Congo,2014,0
Costa Rica,2014,0
Cuba,2014,55
Dem. Rep. Congo,2014,131
Djibouti,2014,1
Ecuador,2014,0
Egypt,2014,1
Eritrea,2014,69
Ethiopia,2014,66
Georgia,2014,13
Ghana,2014,0
Guinea,2014,0
Haiti,2014,0
India,2014,0
Indonesia,2014,1
Iran,2014,108
Iraq,2014,796
Israel,2014,0
Ivory Coast,2014,0
Jordan,2014,1
Kazakhstan,2014,6
Kenya,2014,3
"Korea, North",2014,0
Kuwait,2014,0
Kyrgyzstan,2014,1
Laos,2014,0
Lebenon,2014,0
Liberia,2014,0
Malaysia,2014,0
Mauritania,2014,0
Moldova,2014,36
Namibia,2014,0
Nepal,2014,2
Nicaragua,2014,0
Nigeria,2014,0
Pakistan,2014,15
Palestine,2014,4
Republic of South Sudan,2014,2
Romania,2014,0
Rwanda,2014,5
Sierra Leone,2014,0
Somalia,2014,534
Sir Lanka,2014,1
Sudan,2014,45
Syria,2014,2
Tajikistan,2014,0
Thailand,2014,0
The Gambia,2014,0
Togo,2014,0
Uganda,2014,0
Ukraine,2014,134
United Arab Emirates,2014,0
Former Soviet Union,2014,11
Uzbekistan,2014,4
Venezuela,2014,0
Vietnam,2014,17
Amerasians,2014,0
West Bank,2014,0
Yugoslavia,2014,0
Zaire,2014,0
Unknown,2014,0
Afghanistan,2013,7
Albania,2013,0
Belarus,2013,2
Bhutan,2013,184
Burma,2013,466
Burundi,2013,2
Cambodia,2013,0
Chad,2013,1
China,2013,0
Columbia,2013,13
Congo,2013,0
Costa Rica,2013,0
Cuba,2013,52
Dem. Rep. Congo,2013,61
Djibouti,2013,1
Ecuador,2013,2
Egypt,2013,0
Eritrea,2013,84
Ethiopia,2013,66
Georgia,2013,0
Ghana,2013,0
Guinea,2013,2
Haiti,2013,0
India,2013,0
Indonesia,2013,0
Iran,2013,106
Iraq,2013,647
Israel,2013,0
Ivory Coast,2013,1
Jordan,2013,2
Kazakhstan,2013,6
Kenya,2013,0
"Korea, North",2013,0
Kuwait,2013,0
Kyrgyzstan,2013,6
Laos,2013,0
Lebenon,2013,1
Liberia,2013,2
Malaysia,2013,0
Mauritania,2013,0
Moldova,2013,20
Namibia,2013,0
Nepal,2013,3
Nicaragua,2013,0
Nigeria,2013,0
Pakistan,2013,7
Palestine,2013,6
Republic of South Sudan,2013,0
Romania,2013,0
Rwanda,2013,13
Sierra Leone,2013,0
Somalia,2013,475
Sir Lanka,2013,0
Sudan,2013,101
Syria,2013,0
Tajikistan,2013,0
Thailand,2013,0
The Gambia,2013,1
Togo,2013,3
Uganda,2013,1
Ukraine,2013,56
United Arab Emirates,2013,0
Former Soviet Union,2013,6
Uzbekistan,2013,1
Venezuela,2013,0
Vietnam,2013,7
Amerasians,2013,0
West Bank,2013,0
Yugoslavia,2013,0
Zaire,2013,0
Unknown,2013,0
Afghanistan,2012,26
Albania,2012,0
Belarus,2012,17
Bhutan,2012,424
Burma,2012,481
Burundi,2012,1
Cambodia,2012,0
Chad,2012,0
China,2012,0
Columbia,2012,6
Congo,2012,3
Costa Rica,2012,0
Cuba,2012,23
Dem. Rep. Congo,2012,55
Djibouti,2012,0
Ecuador,2012,0
Egypt,2012,0
Eritrea,2012,73
Ethiopia,2012,43
Georgia,2012,0
Ghana,2012,0
Guinea,2012,0
Haiti,2012,0
India,2012,1
Indonesia,2012,0
Iran,2012,107
Iraq,2012,297
Israel,2012,5
Ivory Coast,2012,0
Jordan,2012,1
Kazakhstan,2012,0
Kenya,2012,1
"Korea, North",2012,0
Kuwait,2012,2
Kyrgyzstan,2012,15
Laos,2012,0
Lebenon,2012,0
Liberia,2012,1
Malaysia,2012,0
Mauritania,2012,0
Moldova,2012,105
Namibia,2012,0
Nepal,2012,3
Nicaragua,2012,0
Nigeria,2012,0
Pakistan,2012,19
Palestine,2012,0
Republic of South Sudan,2012,0
Romania,2012,0
Rwanda,2012,9
Sierra Leone,2012,0
Somalia,2012,215
Sir Lanka,2012,0
Sudan,2012,36
Syria,2012,1
Tajikistan,2012,4
Thailand,2012,0
The Gambia,2012,0
Togo,2012,2
Uganda,2012,0
Ukraine,2012,116
United Arab Emirates,2012,1
Former Soviet Union,2012,64
Uzbekistan,2012,0
Venezuela,2012,0
Vietnam,2012,8
Amerasians,2012,0
West Bank,2012,0
Yugoslavia,2012,0
Zaire,2012,0
Unknown,2012,0
Afghanistan,2011,23
Albania,2011,0
Belarus,2011,0
Bhutan,2011,442
Burma,2011,592
Burundi,2011,0
Cambodia,2011,5
Chad,2011,0
China,2011,0
Columbia,2011,14
Congo,2011,0
Costa Rica,2011,0
Cuba,2011,33
Dem. Rep. Congo,2011,20
Djibouti,2011,0
Ecuador,2011,0
Egypt,2011,0
Eritrea,2011,93
Ethiopia,2011,35
Georgia,2011,0
Ghana,2011,0
Guinea,2011,0
Haiti,2011,0
India,2011,2
Indonesia,2011,0
Iran,2011,129
Iraq,2011,264
Israel,2011,0
Ivory Coast,2011,0
Jordan,2011,0
Kazakhstan,2011,0
Kenya,2011,0
"Korea, North",2011,0
Kuwait,2011,0
Kyrgyzstan,2011,0
Laos,2011,10
Lebenon,2011,1
Liberia,2011,1
Malaysia,2011,0
Mauritania,2011,0
Moldova,2011,0
Namibia,2011,0
Nepal,2011,4
Nicaragua,2011,0
Nigeria,2011,0
Pakistan,2011,0
Palestine,2011,0
Republic of South Sudan,2011,0
Romania,2011,0
Rwanda,2011,4
Sierra Leone,2011,0
Somalia,2011,194
Sir Lanka,2011,0
Sudan,2011,15
Syria,2011,0
Tajikistan,2011,0
Thailand,2011,0
The Gambia,2011,0
Togo,2011,0
Uganda,2011,0
Ukraine,2011,0
United Arab Emirates,2011,0
Former Soviet Union,2011,251
Uzbekistan,2011,0
Venezuela,2011,0
Vietnam,2011,3
Amerasians,2011,0
West Bank,2011,0
Yugoslavia,2011,0
Zaire,2011,0
Unknown,2011,0
Afghanistan,2010,3
Albania,2010,0
Belarus,2010,0
Bhutan,2010,505
Burma,2010,823
Burundi,2010,3
Cambodia,2010,0
Chad,2010,0
China,2010,0
Columbia,2010,5
Congo,2010,9
Costa Rica,2010,3
Cuba,2010,63
Dem. Rep. Congo,2010,82
Djibouti,2010,0
Ecuador,2010,0
Egypt,2010,1
Eritrea,2010,147
Ethiopia,2010,48
Georgia,2010,0
Ghana,2010,0
Guinea,2010,0
Haiti,2010,0
India,2010,0
Indonesia,2010,0
Iran,2010,91
Iraq,2010,587
Israel,2010,9
Ivory Coast,2010,0
Jordan,2010,4
Kazakhstan,2010,0
Kenya,2010,0
"Korea, North",2010,1
Kuwait,2010,0
Kyrgyzstan,2010,0
Laos,2010,0
Lebenon,2010,4
Liberia,2010,0
Malaysia,2010,1
Mauritania,2010,0
Moldova,2010,0
Namibia,2010,0
Nepal,2010,5
Nicaragua,2010,0
Nigeria,2010,0
Pakistan,2010,0
Palestine,2010,0
Republic of South Sudan,2010,0
Romania,2010,0
Rwanda,2010,9
Sierra Leone,2010,0
Somalia,2010,226
Sir Lanka,2010,0
Sudan,2010,4
Syria,2010,2
Tajikistan,2010,0
Thailand,2010,1
The Gambia,2010,0
Togo,2010,2
Uganda,2010,0
Ukraine,2010,0
United Arab Emirates,2010,0
Former Soviet Union,2010,332
Uzbekistan,2010,0
Venezuela,2010,2
Vietnam,2010,31
Amerasians,2010,0
West Bank,2010,1
Yugoslavia,2010,0
Zaire,2010,0
Unknown,2010,0
Afghanistan,2009,13
Albania,2009,1
Belarus,2009,0
Bhutan,2009,592
Burma,2009,655
Burundi,2009,17
Cambodia,2009,0
Chad,2009,0
China,2009,1
Columbia,2009,4
Congo,2009,5
Costa Rica,2009,1
Cuba,2009,45
Dem. Rep. Congo,2009,8
Djibouti,2009,0
Ecuador,2009,0
Egypt,2009,0
Eritrea,2009,97
Ethiopia,2009,18
Georgia,2009,0
Ghana,2009,0
Guinea,2009,0
Haiti,2009,0
India,2009,0
Indonesia,2009,0
Iran,2009,78
Iraq,2009,310
Israel,2009,0
Ivory Coast,2009,1
Jordan,2009,4
Kazakhstan,2009,0
Kenya,2009,0
"Korea, North",2009,0
Kuwait,2009,0
Kyrgyzstan,2009,0
Laos,2009,0
Lebenon,2009,3
Liberia,2009,3
Malaysia,2009,0
Mauritania,2009,0
Moldova,2009,0
Namibia,2009,0
Nepal,2009,2
Nicaragua,2009,0
Nigeria,2009,0
Pakistan,2009,0
Palestine,2009,0
Republic of South Sudan,2009,0
Romania,2009,0
Rwanda,2009,0
Sierra Leone,2009,0
Somalia,2009,142
Sir Lanka,2009,0
Sudan,2009,17
Syria,2009,1
Tajikistan,2009,0
Thailand,2009,0
The Gambia,2009,0
Togo,2009,0
Uganda,2009,1
Ukraine,2009,0
United Arab Emirates,2009,0
Former Soviet Union,2009,491
Uzbekistan,2009,0
Venezuela,2009,0
Vietnam,2009,71
Amerasians,2009,0
West Bank,2009,0
Yugoslavia,2009,0
Zaire,2009,0
Unknown,2009,0
Afghanistan,2008,6
Albania,2008,0
Belarus,2008,0
Bhutan,2008,299
Burma,2008,460
Burundi,2008,48
Cambodia,2008,0
Chad,2008,3
China,2008,1
Columbia,2008,1
Congo,2008,0
Costa Rica,2008,0
Cuba,2008,60
Dem. Rep. Congo,2008,11
Djibouti,2008,0
Ecuador,2008,0
Egypt,2008,1
Eritrea,2008,31
Ethiopia,2008,17
Georgia,2008,0
Ghana,2008,0
Guinea,2008,0
Haiti,2008,0
India,2008,0
Indonesia,2008,0
Iran,2008,62
Iraq,2008,226
Israel,2008,0
Ivory Coast,2008,3
Jordan,2008,5
Kazakhstan,2008,0
Kenya,2008,1
"Korea, North",2008,6
Kuwait,2008,0
Kyrgyzstan,2008,0
Laos,2008,0
Lebenon,2008,0
Liberia,2008,10
Malaysia,2008,4
Mauritania,2008,0
Moldova,2008,0
Namibia,2008,0
Nepal,2008,4
Nicaragua,2008,0
Nigeria,2008,0
Pakistan,2008,0
Palestine,2008,0
Republic of South Sudan,2008,0
Romania,2008,0
Rwanda,2008,1
Sierra Leone,2008,1
Somalia,2008,103
Sir Lanka,2008,0
Sudan,2008,2
Syria,2008,0
Tajikistan,2008,0
Thailand,2008,154
The Gambia,2008,0
Togo,2008,6
Uganda,2008,1
Ukraine,2008,0
United Arab Emirates,2008,0
Former Soviet Union,2008,666
Uzbekistan,2008,0
Venezuela,2008,0
Vietnam,2008,61
Amerasians,2008,0
West Bank,2008,0
Yugoslavia,2008,0
Zaire,2008,0
Unknown,2008,0
Afghanistan,2007,13
Albania,2007,0
Belarus,2007,0
Bhutan,2007,0
Burma,2007,181
Burundi,2007,117
Cambodia,2007,0
Chad,2007,0
China,2007,1
Columbia,2007,7
Congo,2007,0
Costa Rica,2007,1
Cuba,2007,23
Dem. Rep. Congo,2007,8
Djibouti,2007,0
Ecuador,2007,0
Egypt,2007,0
Eritrea,2007,41
Ethiopia,2007,61
Georgia,2007,0
Ghana,2007,1
Guinea,2007,0
Haiti,2007,0
India,2007,0
Indonesia,2007,0
Iran,2007,105
Iraq,2007,19
Israel,2007,0
Ivory Coast,2007,0
Jordan,2007,1
Kazakhstan,2007,0
Kenya,2007,0
"Korea, North",2007,1
Kuwait,2007,0
Kyrgyzstan,2007,0
Laos,2007,0
Lebenon,2007,0
Liberia,2007,7
Malaysia,2007,1
Mauritania,2007,0
Moldova,2007,0
Namibia,2007,0
Nepal,2007,0
Nicaragua,2007,0
Nigeria,2007,0
Pakistan,2007,0
Palestine,2007,0
Republic of South Sudan,2007,0
Romania,2007,0
Rwanda,2007,12
Sierra Leone,2007,3
Somalia,2007,400
Sir Lanka,2007,0
Sudan,2007,34
Syria,2007,0
Tajikistan,2007,0
Thailand,2007,72
The Gambia,2007,0
Togo,2007,0
Uganda,2007,0
Ukraine,2007,0
United Arab Emirates,2007,0
Former Soviet Union,2007,1047
Uzbekistan,2007,0
Venezuela,2007,0
Vietnam,2007,60
Amerasians,2007,0
West Bank,2007,0
Yugoslavia,2007,0
Zaire,2007,0
Unknown,2007,0
Afghanistan,2006,12
Albania,2006,0
Belarus,2006,0
Bhutan,2006,3
Burma,2006,13
Burundi,2006,0
Cambodia,2006,0
Chad,2006,0
China,2006,0
Columbia,2006,2
Congo,2006,0
Costa Rica,2006,0
Cuba,2006,16
Dem. Rep. Congo,2006,4
Djibouti,2006,0
Ecuador,2006,0
Egypt,2006,0
Eritrea,2006,37
Ethiopia,2006,102
Georgia,2006,0
Ghana,2006,0
Guinea,2006,0
Haiti,2006,0
India,2006,0
Indonesia,2006,0
Iran,2006,99
Iraq,2006,10
Israel,2006,0
Ivory Coast,2006,4
Jordan,2006,0
Kazakhstan,2006,0
Kenya,2006,0
"Korea, North",2006,0
Kuwait,2006,0
Kyrgyzstan,2006,0
Laos,2006,0
Lebenon,2006,0
Liberia,2006,16
Malaysia,2006,0
Mauritania,2006,6
Moldova,2006,0
Namibia,2006,0
Nepal,2006,0
Nicaragua,2006,0
Nigeria,2006,1
Pakistan,2006,0
Palestine,2006,0
Republic of South Sudan,2006,0
Romania,2006,0
Rwanda,2006,4
Sierra Leone,2006,3
Somalia,2006,449
Sir Lanka,2006,1
Sudan,2006,44
Syria,2006,0
Tajikistan,2006,0
Thailand,2006,2
The Gambia,2006,0
Togo,2006,0
Uganda,2006,0
Ukraine,2006,0
United Arab Emirates,2006,0
Former Soviet Union,2006,1497
Uzbekistan,2006,0
Venezuela,2006,0
Vietnam,2006,132
Amerasians,2006,0
West Bank,2006,0
Yugoslavia,2006,1
Zaire,2006,0
Unknown,2006,0
Afghanistan,2005,20
Albania,2005,0
Belarus,2005,0
Bhutan,2005,0
Burma,2005,15
Burundi,2005,0
Cambodia,2005,1
Chad,2005,0
China,2005,1
Columbia,2005,18
Congo,2005,0
Costa Rica,2005,0
Cuba,2005,48
Dem. Rep. Congo,2005,0
Djibouti,2005,0
Ecuador,2005,1
Egypt,2005,0
Eritrea,2005,12
Ethiopia,2005,75
Georgia,2005,0
Ghana,2005,0
Guinea,2005,0
Haiti,2005,0
India,2005,0
Indonesia,2005,0
Iran,2005,62
Iraq,2005,10
Israel,2005,0
Ivory Coast,2005,0
Jordan,2005,0
Kazakhstan,2005,0
Kenya,2005,1
"Korea, North",2005,0
Kuwait,2005,0
Kyrgyzstan,2005,0
Laos,2005,24
Lebenon,2005,0
Liberia,2005,50
Malaysia,2005,0
Mauritania,2005,0
Moldova,2005,0
Namibia,2005,4
Nepal,2005,0
Nicaragua,2005,0
Nigeria,2005,0
Pakistan,2005,0
Palestine,2005,0
Republic of South Sudan,2005,0
Romania,2005,0
Rwanda,2005,0
Sierra Leone,2005,13
Somalia,2005,448
Sir Lanka,2005,0
Sudan,2005,60
Syria,2005,1
Tajikistan,2005,0
Thailand,2005,0
The Gambia,2005,0
Togo,2005,5
Uganda,2005,0
Ukraine,2005,0
United Arab Emirates,2005,0
Former Soviet Union,2005,1868
Uzbekistan,2005,0
Venezuela,2005,0
Vietnam,2005,102
Amerasians,2005,0
West Bank,2005,0
Yugoslavia,2005,2
Zaire,2005,0
Unknown,2005,0
Afghanistan,2004,15
Albania,2004,0
Belarus,2004,0
Bhutan,2004,0
Burma,2004,16
Burundi,2004,0
Cambodia,2004,0
Chad,2004,0
China,2004,0
Columbia,2004,11
Congo,2004,0
Costa Rica,2004,0
Cuba,2004,21
Dem. Rep. Congo,2004,12
Djibouti,2004,0
Ecuador,2004,1
Egypt,2004,0
Eritrea,2004,1
Ethiopia,2004,138
Georgia,2004,0
Ghana,2004,0
Guinea,2004,0
Haiti,2004,2
India,2004,0
Indonesia,2004,0
Iran,2004,58
Iraq,2004,0
Israel,2004,0
Ivory Coast,2004,2
Jordan,2004,0
Kazakhstan,2004,0
Kenya,2004,2
"Korea, North",2004,0
Kuwait,2004,0
Kyrgyzstan,2004,0
Laos,2004,67
Lebenon,2004,0
Liberia,2004,95
Malaysia,2004,0
Mauritania,2004,0
Moldova,2004,0
Namibia,2004,0
Nepal,2004,0
Nicaragua,2004,0
Nigeria,2004,0
Pakistan,2004,0
Palestine,2004,0
Republic of South Sudan,2004,0
Romania,2004,2
Rwanda,2004,0
Sierra Leone,2004,20
Somalia,2004,485
Sir Lanka,2004,0
Sudan,2004,114
Syria,2004,0
Tajikistan,2004,0
Thailand,2004,0
The Gambia,2004,0
Togo,2004,0
Uganda,2004,0
Ukraine,2004,0
United Arab Emirates,2004,0
Former Soviet Union,2004,1895
Uzbekistan,2004,0
Venezuela,2004,0
Vietnam,2004,47
Amerasians,2004,0
West Bank,2004,0
Yugoslavia,2004,14
Zaire,2004,0
Unknown,2004,0
Afghanistan,2003,31
Albania,2003,0
Belarus,2003,0
Bhutan,2003,0
Burma,2003,5
Burundi,2003,5
Cambodia,2003,0
Chad,2003,0
China,2003,0
Columbia,2003,0
Congo,2003,0
Costa Rica,2003,0
Cuba,2003,2
Dem. Rep. Congo,2003,7
Djibouti,2003,0
Ecuador,2003,0
Egypt,2003,1
Eritrea,2003,2
Ethiopia,2003,72
Georgia,2003,0
Ghana,2003,0
Guinea,2003,0
Haiti,2003,0
India,2003,0
Indonesia,2003,0
Iran,2003,88
Iraq,2003,13
Israel,2003,0
Ivory Coast,2003,0
Jordan,2003,0
Kazakhstan,2003,0
Kenya,2003,0
"Korea, North",2003,0
Kuwait,2003,0
Kyrgyzstan,2003,0
Laos,2003,0
Lebenon,2003,1
Liberia,2003,32
Malaysia,2003,0
Mauritania,2003,0
Moldova,2003,0
Namibia,2003,0
Nepal,2003,0
Nicaragua,2003,0
Nigeria,2003,0
Pakistan,2003,0
Palestine,2003,0
Republic of South Sudan,2003,0
Romania,2003,0
Rwanda,2003,1
Sierra Leone,2003,6
Somalia,2003,65
Sir Lanka,2003,0
Sudan,2003,36
Syria,2003,0
Tajikistan,2003,0
Thailand,2003,0
The Gambia,2003,0
Togo,2003,0
Uganda,2003,0
Ukraine,2003,0
United Arab Emirates,2003,0
Former Soviet Union,2003,2298
Uzbekistan,2003,0
Venezuela,2003,0
Vietnam,2003,46
Amerasians,2003,0
West Bank,2003,0
Yugoslavia,2003,39
Zaire,2003,1
Unknown,2003,7
Afghanistan,2002,50
Albania,2002,0
Belarus,2002,0
Bhutan,2002,0
Burma,2002,6
Burundi,2002,3
Cambodia,2002,0
Chad,2002,0
China,2002,0
Columbia,2002,0
Congo,2002,0
Costa Rica,2002,0
Cuba,2002,20
Dem. Rep. Congo,2002,0
Djibouti,2002,0
Ecuador,2002,0
Egypt,2002,0
Eritrea,2002,4
Ethiopia,2002,12
Georgia,2002,0
Ghana,2002,0
Guinea,2002,0
Haiti,2002,0
India,2002,0
Indonesia,2002,0
Iran,2002,100
Iraq,2002,6
Israel,2002,0
Ivory Coast,2002,0
Jordan,2002,0
Kazakhstan,2002,0
Kenya,2002,0
"Korea, North",2002,0
Kuwait,2002,0
Kyrgyzstan,2002,0
Laos,2002,0
Lebenon,2002,0
Liberia,2002,0
Malaysia,2002,0
Mauritania,2002,0
Moldova,2002,0
Namibia,2002,0
Nepal,2002,0
Nicaragua,2002,0
Nigeria,2002,0
Pakistan,2002,0
Palestine,2002,0
Republic of South Sudan,2002,0
Romania,2002,0
Rwanda,2002,0
Sierra Leone,2002,0
Somalia,2002,15
Sir Lanka,2002,0
Sudan,2002,12
Syria,2002,0
Tajikistan,2002,0
Thailand,2002,0
The Gambia,2002,0
Togo,2002,0
Uganda,2002,0
Ukraine,2002,0
United Arab Emirates,2002,0
Former Soviet Union,2002,2180
Uzbekistan,2002,0
Venezuela,2002,0
Vietnam,2002,119
Amerasians,2002,0
West Bank,2002,0
Yugoslavia,2002,88
Zaire,2002,0
Unknown,2002,0
Afghanistan,2001,54
Albania,2001,0
Belarus,2001,0
Bhutan,2001,0
Burma,2001,8
Burundi,2001,3
Cambodia,2001,1
Chad,2001,0
China,2001,0
Columbia,2001,0
Congo,2001,0
Costa Rica,2001,0
Cuba,2001,11
Dem. Rep. Congo,2001,3
Djibouti,2001,0
Ecuador,2001,0
Egypt,2001,7
Eritrea,2001,6
Ethiopia,2001,106
Georgia,2001,0
Ghana,2001,0
Guinea,2001,0
Haiti,2001,0
India,2001,0
Indonesia,2001,0
Iran,2001,151
Iraq,2001,46
Israel,2001,0
Ivory Coast,2001,0
Jordan,2001,0
Kazakhstan,2001,0
Kenya,2001,0
"Korea, North",2001,0
Kuwait,2001,0
Kyrgyzstan,2001,0
Laos,2001,6
Lebenon,2001,0
Liberia,2001,8
Malaysia,2001,0
Mauritania,2001,0
Moldova,2001,0
Namibia,2001,0
Nepal,2001,0
Nicaragua,2001,0
Nigeria,2001,0
Pakistan,2001,0
Palestine,2001,0
Republic of South Sudan,2001,0
Romania,2001,0
Rwanda,2001,0
Sierra Leone,2001,19
Somalia,2001,261
Sir Lanka,2001,0
Sudan,2001,230
Syria,2001,0
Tajikistan,2001,0
Thailand,2001,1
The Gambia,2001,0
Togo,2001,4
Uganda,2001,0
Ukraine,2001,0
United Arab Emirates,2001,0
Former Soviet Union,2001,2814
Uzbekistan,2001,0
Venezuela,2001,0
Vietnam,2001,141
Amerasians,2001,0
West Bank,2001,0
Yugoslavia,2001,420
Zaire,2001,0
Unknown,2001,0
Afghanistan,2000,39
Albania,2000,0
Belarus,2000,0
Bhutan,2000,0
Burma,2000,7
Burundi,2000,4
Cambodia,2000,0
Chad,2000,0
China,2000,0
Columbia,2000,0
Congo,2000,0
Costa Rica,2000,0
Cuba,2000,15
Dem. Rep. Congo,2000,11
Djibouti,2000,0
Ecuador,2000,0
Egypt,2000,0
Eritrea,2000,2
Ethiopia,2000,42
Georgia,2000,0
Ghana,2000,0
Guinea,2000,0
Haiti,2000,0
India,2000,0
Indonesia,2000,0
Iran,2000,98
Iraq,2000,50
Israel,2000,0
Ivory Coast,2000,0
Jordan,2000,0
Kazakhstan,2000,0
Kenya,2000,2
"Korea, North",2000,0
Kuwait,2000,0
Kyrgyzstan,2000,0
Laos,2000,0
Lebenon,2000,1
Liberia,2000,12
Malaysia,2000,0
Mauritania,2000,0
Moldova,2000,0
Namibia,2000,0
Nepal,2000,0
Nicaragua,2000,0
Nigeria,2000,1
Pakistan,2000,0
Palestine,2000,0
Republic of South Sudan,2000,0
Romania,2000,0
Rwanda,2000,8
Sierra Leone,2000,2
Somalia,2000,304
Sir Lanka,2000,0
Sudan,2000,53
Syria,2000,0
Tajikistan,2000,0
Thailand,2000,0
The Gambia,2000,0
Togo,2000,4
Uganda,2000,0
Ukraine,2000,0
United Arab Emirates,2000,0
Former Soviet Union,2000,3491
Uzbekistan,2000,0
Venezuela,2000,0
Vietnam,2000,192
Amerasians,2000,40
West Bank,2000,0
Yugoslavia,2000,0
Zaire,2000,0
Unknown,2000,0
Afghanistan,1999,11
Albania,1999,0
Belarus,1999,0
Bhutan,1999,0
Burma,1999,5
Burundi,1999,3
Cambodia,1999,0
Chad,1999,0
China,1999,0
Columbia,1999,0
Congo,1999,0
Costa Rica,1999,0
Cuba,1999,13
Dem. Rep. Congo,1999,0
Djibouti,1999,0
Ecuador,1999,0
Egypt,1999,0
Eritrea,1999,0
Ethiopia,1999,113
Georgia,1999,0
Ghana,1999,0
Guinea,1999,0
Haiti,1999,2
India,1999,0
Indonesia,1999,0
Iran,1999,52
Iraq,1999,62
Israel,1999,0
Ivory Coast,1999,0
Jordan,1999,0
Kazakhstan,1999,0
Kenya,1999,0
"Korea, North",1999,0
Kuwait,1999,0
Kyrgyzstan,1999,0
Laos,1999,0
Lebenon,1999,0
Liberia,1999,2
Malaysia,1999,0
Mauritania,1999,0
Moldova,1999,0
Namibia,1999,0
Nepal,1999,0
Nicaragua,1999,0
Nigeria,1999,0
Pakistan,1999,0
Palestine,1999,0
Republic of South Sudan,1999,0
Romania,1999,0
Rwanda,1999,0
Sierra Leone,1999,0
Somalia,1999,141
Sir Lanka,1999,0
Sudan,1999,32
Syria,1999,0
Tajikistan,1999,0
Thailand,1999,0
The Gambia,1999,0
Togo,1999,0
Uganda,1999,0
Ukraine,1999,0
United Arab Emirates,1999,0
Former Soviet Union,1999,4301
Uzbekistan,1999,0
Venezuela,1999,0
Vietnam,1999,326
Amerasians,1999,14
West Bank,1999,0
Yugoslavia,1999,0
Zaire,1999,0
Unknown,1999,7
Afghanistan,1998,0
Albania,1998,0
Belarus,1998,0
Bhutan,1998,0
Burma,1998,1
Burundi,1998,0
Cambodia,1998,0
Chad,1998,0
China,1998,0
Columbia,1998,0
Congo,1998,0
Costa Rica,1998,0
Cuba,1998,9
Dem. Rep. Congo,1998,0
Djibouti,1998,0
Ecuador,1998,0
Egypt,1998,0
Eritrea,1998,0
Ethiopia,1998,5
Georgia,1998,0
Ghana,1998,0
Guinea,1998,0
Haiti,1998,0
India,1998,0
Indonesia,1998,0
Iran,1998,22
Iraq,1998,53
Israel,1998,0
Ivory Coast,1998,0
Jordan,1998,0
Kazakhstan,1998,0
Kenya,1998,0
"Korea, North",1998,0
Kuwait,1998,0
Kyrgyzstan,1998,0
Laos,1998,0
Lebenon,1998,0
Liberia,1998,0
Malaysia,1998,0
Mauritania,1998,0
Moldova,1998,0
Namibia,1998,0
Nepal,1998,0
Nicaragua,1998,0
Nigeria,1998,0
Pakistan,1998,0
Palestine,1998,0
Republic of South Sudan,1998,0
Romania,1998,0
Rwanda,1998,0
Sierra Leone,1998,0
Somalia,1998,115
Sir Lanka,1998,0
Sudan,1998,20
Syria,1998,0
Tajikistan,1998,0
Thailand,1998,0
The Gambia,1998,0
Togo,1998,0
Uganda,1998,0
Ukraine,1998,0
United Arab Emirates,1998,0
Former Soviet Union,1998,5532
Uzbekistan,1998,0
Venezuela,1998,0
Vietnam,1998,369
Amerasians,1998,6
West Bank,1998,0
Yugoslavia,1998,0
Zaire,1998,0
Unknown,1998,5
Afghanistan,1997,0
Albania,1997,0
Belarus,1997,0
Bhutan,1997,0
Burma,1997,0
Burundi,1997,0
Cambodia,1997,0
Chad,1997,0
China,1997,0
Columbia,1997,0
Congo,1997,0
Costa Rica,1997,0
Cuba,1997,31
Dem. Rep. Congo,1997,0
Djibouti,1997,0
Ecuador,1997,0
Egypt,1997,0
Eritrea,1997,0
Ethiopia,1997,10
Georgia,1997,0
Ghana,1997,0
Guinea,1997,0
Haiti,1997,1
India,1997,0
Indonesia,1997,0
Iran,1997,20
Iraq,1997,326
Israel,1997,0
Ivory Coast,1997,0
Jordan,1997,0
Kazakhstan,1997,0
Kenya,1997,0
"Korea, North",1997,0
Kuwait,1997,0
Kyrgyzstan,1997,0
Laos,1997,0
Lebenon,1997,0
Liberia,1997,0
Malaysia,1997,0
Mauritania,1997,0
Moldova,1997,0
Namibia,1997,0
Nepal,1997,0
Nicaragua,1997,0
Nigeria,1997,0
Pakistan,1997,0
Palestine,1997,0
Republic of South Sudan,1997,0
Romania,1997,0
Rwanda,1997,0
Sierra Leone,1997,0
Somalia,1997,210
Sir Lanka,1997,0
Sudan,1997,0
Syria,1997,0
Tajikistan,1997,0
Thailand,1997,0
The Gambia,1997,0
Togo,1997,0
Uganda,1997,0
Ukraine,1997,0
United Arab Emirates,1997,0
Former Soviet Union,1997,3730
Uzbekistan,1997,0
Venezuela,1997,0
Vietnam,1997,342
Amerasians,1997,18
West Bank,1997,0
Yugoslavia,1997,0
Zaire,1997,0
Unknown,1997,21
Afghanistan,1996,0
Albania,1996,0
Belarus,1996,0
Bhutan,1996,0
Burma,1996,0
Burundi,1996,0
Cambodia,1996,0
Chad,1996,0
China,1996,0
Columbia,1996,0
Congo,1996,0
Costa Rica,1996,0
Cuba,1996,88
Dem. Rep. Congo,1996,0
Djibouti,1996,0
Ecuador,1996,0
Egypt,1996,0
Eritrea,1996,0
Ethiopia,1996,6
Georgia,1996,0
Ghana,1996,0
Guinea,1996,0
Haiti,1996,0
India,1996,0
Indonesia,1996,0
Iran,1996,23
Iraq,1996,76
Israel,1996,0
Ivory Coast,1996,0
Jordan,1996,0
Kazakhstan,1996,0
Kenya,1996,0
"Korea, North",1996,0
Kuwait,1996,0
Kyrgyzstan,1996,0
Laos,1996,0
Lebenon,1996,0
Liberia,1996,0
Malaysia,1996,0
Mauritania,1996,0
Moldova,1996,0
Namibia,1996,0
Nepal,1996,0
Nicaragua,1996,0
Nigeria,1996,0
Pakistan,1996,0
Palestine,1996,0
Republic of South Sudan,1996,0
Romania,1996,0
Rwanda,1996,5
Sierra Leone,1996,0
Somalia,1996,162
Sir Lanka,1996,0
Sudan,1996,9
Syria,1996,0
Tajikistan,1996,0
Thailand,1996,0
The Gambia,1996,0
Togo,1996,0
Uganda,1996,0
Ukraine,1996,0
United Arab Emirates,1996,0
Former Soviet Union,1996,2765
Uzbekistan,1996,0
Venezuela,1996,0
Vietnam,1996,1151
Amerasians,1996,39
West Bank,1996,0
Yugoslavia,1996,0
Zaire,1996,0
Unknown,1996,3
Afghanistan,1995,0
Albania,1995,0
Belarus,1995,0
Bhutan,1995,0
Burma,1995,0
Burundi,1995,0
Cambodia,1995,0
Chad,1995,0
China,1995,0
Columbia,1995,0
Congo,1995,0
Costa Rica,1995,0
Cuba,1995,72
Dem. Rep. Congo,1995,0
Djibouti,1995,0
Ecuador,1995,0
Egypt,1995,0
Eritrea,1995,0
Ethiopia,1995,28
Georgia,1995,0
Ghana,1995,0
Guinea,1995,0
Haiti,1995,42
India,1995,0
Indonesia,1995,0
Iran,1995,4
Iraq,1995,121
Israel,1995,0
Ivory Coast,1995,0
Jordan,1995,0
Kazakhstan,1995,0
Kenya,1995,0
"Korea, North",1995,0
Kuwait,1995,0
Kyrgyzstan,1995,0
Laos,1995,0
Lebenon,1995,0
Liberia,1995,0
Malaysia,1995,0
Mauritania,1995,0
Moldova,1995,0
Namibia,1995,0
Nepal,1995,0
Nicaragua,1995,0
Nigeria,1995,0
Pakistan,1995,0
Palestine,1995,0
Republic of South Sudan,1995,0
Romania,1995,0
Rwanda,1995,0
Sierra Leone,1995,0
Somalia,1995,208
Sir Lanka,1995,0
Sudan,1995,27
Syria,1995,0
Tajikistan,1995,0
Thailand,1995,0
The Gambia,1995,0
Togo,1995,0
Uganda,1995,0
Ukraine,1995,0
United Arab Emirates,1995,0
Former Soviet Union,1995,2997
Uzbekistan,1995,0
Venezuela,1995,0
Vietnam,1995,2211
Amerasians,1995,40
West Bank,1995,0
Yugoslavia,1995,0
Zaire,1995,0
Unknown,1995,7
Afghanistan,1994,0
Albania,1994,0
Belarus,1994,0
Bhutan,1994,0
Burma,1994,0
Burundi,1994,0
Cambodia,1994,0
Chad,1994,0
China,1994,0
Columbia,1994,0
Congo,1994,0
Costa Rica,1994,0
Cuba,1994,33
Dem. Rep. Congo,1994,0
Djibouti,1994,0
Ecuador,1994,0
Egypt,1994,0
Eritrea,1994,0
Ethiopia,1994,18
Georgia,1994,0
Ghana,1994,0
Guinea,1994,0
Haiti,1994,134
India,1994,0
Indonesia,1994,0
Iran,1994,4
Iraq,1994,262
Israel,1994,0
Ivory Coast,1994,0
Jordan,1994,0
Kazakhstan,1994,0
Kenya,1994,0
"Korea, North",1994,0
Kuwait,1994,0
Kyrgyzstan,1994,0
Laos,1994,0
Lebenon,1994,0
Liberia,1994,0
Malaysia,1994,0
Mauritania,1994,0
Moldova,1994,0
Namibia,1994,0
Nepal,1994,0
Nicaragua,1994,0
Nigeria,1994,0
Pakistan,1994,0
Palestine,1994,0
Republic of South Sudan,1994,0
Romania,1994,0
Rwanda,1994,0
Sierra Leone,1994,0
Somalia,1994,247
Sir Lanka,1994,0
Sudan,1994,6
Syria,1994,0
Tajikistan,1994,0
Thailand,1994,0
The Gambia,1994,0
Togo,1994,0
Uganda,1994,0
Ukraine,1994,0
United Arab Emirates,1994,0
Former Soviet Union,1994,2518
Uzbekistan,1994,0
Venezuela,1994,0
Vietnam,1994,2190
Amerasians,1994,110
West Bank,1994,0
Yugoslavia,1994,0
Zaire,1994,0
Unknown,1994,0
Afghanistan,1993,59
Albania,1993,0
Belarus,1993,0
Bhutan,1993,0
Burma,1993,0
Burundi,1993,0
Cambodia,1993,0
Chad,1993,0
China,1993,0
Columbia,1993,0
Congo,1993,0
Costa Rica,1993,0
Cuba,1993,31
Dem. Rep. Congo,1993,0
Djibouti,1993,0
Ecuador,1993,0
Egypt,1993,0
Eritrea,1993,0
Ethiopia,1993,322
Georgia,1993,0
Ghana,1993,0
Guinea,1993,0
Haiti,1993,54
India,1993,0
Indonesia,1993,0
Iran,1993,11
Iraq,1993,190
Israel,1993,0
Ivory Coast,1993,0
Jordan,1993,0
Kazakhstan,1993,0
Kenya,1993,0
"Korea, North",1993,0
Kuwait,1993,0
Kyrgyzstan,1993,0
Laos,1993,0
Lebenon,1993,0
Liberia,1993,0
Malaysia,1993,0
Mauritania,1993,0
Moldova,1993,0
Namibia,1993,0
Nepal,1993,0
Nicaragua,1993,0
Nigeria,1993,0
Pakistan,1993,0
Palestine,1993,0
Republic of South Sudan,1993,0
Romania,1993,0
Rwanda,1993,0
Sierra Leone,1993,0
Somalia,1993,119
Sir Lanka,1993,0
Sudan,1993,15
Syria,1993,0
Tajikistan,1993,0
Thailand,1993,0
The Gambia,1993,0
Togo,1993,0
Uganda,1993,0
Ukraine,1993,0
United Arab Emirates,1993,0
Former Soviet Union,1993,2443
Uzbekistan,1993,0
Venezuela,1993,0
Vietnam,1993,2458
Amerasians,1993,0
West Bank,1993,0
Yugoslavia,1993,0
Zaire,1993,6
Unknown,1993,0
Afghanistan,1992,44
Albania,1992,0
Belarus,1992,0
Bhutan,1992,0
Burma,1992,0
Burundi,1992,0
Cambodia,1992,0
Chad,1992,0
China,1992,0
Columbia,1992,0
Congo,1992,0
Costa Rica,1992,0
Cuba,1992,24
Dem. Rep. Congo,1992,0
Djibouti,1992,0
Ecuador,1992,0
Egypt,1992,0
Eritrea,1992,0
Ethiopia,1992,214
Georgia,1992,0
Ghana,1992,0
Guinea,1992,0
Haiti,1992,0
India,1992,0
Indonesia,1992,0
Iran,1992,10
Iraq,1992,56
Israel,1992,0
Ivory Coast,1992,0
Jordan,1992,0
Kazakhstan,1992,0
Kenya,1992,0
"Korea, North",1992,0
Kuwait,1992,0
Kyrgyzstan,1992,0
Laos,1992,0
Lebenon,1992,0
Liberia,1992,9
Malaysia,1992,0
Mauritania,1992,0
Moldova,1992,0
Namibia,1992,0
Nepal,1992,0
Nicaragua,1992,0
Nigeria,1992,0
Pakistan,1992,0
Palestine,1992,0
Republic of South Sudan,1992,0
Romania,1992,0
Rwanda,1992,0
Sierra Leone,1992,0
Somalia,1992,51
Sir Lanka,1992,0
Sudan,1992,0
Syria,1992,0
Tajikistan,1992,0
Thailand,1992,0
The Gambia,1992,0
Togo,1992,0
Uganda,1992,0
Ukraine,1992,0
United Arab Emirates,1992,0
Former Soviet Union,1992,2819
Uzbekistan,1992,0
Venezuela,1992,0
Vietnam,1992,2157
Amerasians,1992,0
West Bank,1992,0
Yugoslavia,1992,0
Zaire,1992,0
Unknown,1992,0
Afghanistan,1991,3
Albania,1991,0
Belarus,1991,0
Bhutan,1991,0
Burma,1991,0
Burundi,1991,0
Cambodia,1991,0
Chad,1991,0
China,1991,0
Columbia,1991,0
Congo,1991,0
Costa Rica,1991,0
Cuba,1991,6
Dem. Rep. Congo,1991,0
Djibouti,1991,0
Ecuador,1991,0
Egypt,1991,0
Eritrea,1991,0
Ethiopia,1991,92
Georgia,1991,0
Ghana,1991,0
Guinea,1991,0
Haiti,1991,0
India,1991,0
Indonesia,1991,0
Iran,1991,7
Iraq,1991,0
Israel,1991,0
Ivory Coast,1991,0
Jordan,1991,0
Kazakhstan,1991,0
Kenya,1991,0
"Korea, North",1991,0
Kuwait,1991,0
Kyrgyzstan,1991,0
Laos,1991,0
Lebenon,1991,0
Liberia,1991,0
Malaysia,1991,0
Mauritania,1991,0
Moldova,1991,0
Namibia,1991,0
Nepal,1991,0
Nicaragua,1991,0
Nigeria,1991,0
Pakistan,1991,0
Palestine,1991,0
Republic of South Sudan,1991,0
Romania,1991,0
Rwanda,1991,0
Sierra Leone,1991,0
Somalia,1991,0
Sir Lanka,1991,0
Sudan,1991,0
Syria,1991,0
Tajikistan,1991,0
Thailand,1991,0
The Gambia,1991,0
Togo,1991,0
Uganda,1991,0
Ukraine,1991,0
United Arab Emirates,1991,0
Former Soviet Union,1991,533
Uzbekistan,1991,0
Venezuela,1991,0
Vietnam,1991,1461
Amerasians,1991,0
West Bank,1991,0
Yugoslavia,1991,0
Zaire,1991,0
Unknown,1991,37
Afghanistan,1990,45
Albania,1990,0
Belarus,1990,0
Bhutan,1990,0
Burma,1990,0
Burundi,1990,0
Cambodia,1990,0
Chad,1990,0
China,1990,0
Columbia,1990,0
Congo,1990,0
Costa Rica,1990,0
Cuba,1990,6
Dem. Rep. Congo,1990,0
Djibouti,1990,0
Ecuador,1990,0
Egypt,1990,0
Eritrea,1990,0
Ethiopia,1990,143
Georgia,1990,0
Ghana,1990,0
Guinea,1990,0
Haiti,1990,0
India,1990,0
Indonesia,1990,0
Iran,1990,43
Iraq,1990,0
Israel,1990,0
Ivory Coast,1990,0
Jordan,1990,0
Kazakhstan,1990,0
Kenya,1990,0
"Korea, North",1990,0
Kuwait,1990,0
Kyrgyzstan,1990,0
Laos,1990,0
Lebenon,1990,0
Liberia,1990,0
Malaysia,1990,0
Mauritania,1990,0
Moldova,1990,0
Namibia,1990,0
Nepal,1990,0
Nicaragua,1990,19
Nigeria,1990,0
Pakistan,1990,0
Palestine,1990,0
Republic of South Sudan,1990,0
Romania,1990,0
Rwanda,1990,0
Sierra Leone,1990,0
Somalia,1990,0
Sir Lanka,1990,0
Sudan,1990,0
Syria,1990,0
Tajikistan,1990,0
Thailand,1990,0
The Gambia,1990,0
Togo,1990,0
Uganda,1990,0
Ukraine,1990,0
United Arab Emirates,1990,0
Former Soviet Union,1990,1543
Uzbekistan,1990,0
Venezuela,1990,0
Vietnam,1990,2254
Amerasians,1990,0
West Bank,1990,0
Yugoslavia,1990,0
Zaire,1990,0
Unknown,1990,0
Afghanistan,1989,42
Albania,1989,0
Belarus,1989,0
Bhutan,1989,0
Burma,1989,0
Burundi,1989,0
Cambodia,1989,0
Chad,1989,0
China,1989,0
Columbia,1989,0
Congo,1989,0
Costa Rica,1989,0
Cuba,1989,8
Dem. Rep. Congo,1989,0
Djibouti,1989,0
Ecuador,1989,0
Egypt,1989,0
Eritrea,1989,0
Ethiopia,1989,78
Georgia,1989,0
Ghana,1989,0
Guinea,1989,0
Haiti,1989,0
India,1989,0
Indonesia,1989,0
Iran,1989,70
Iraq,1989,0
Israel,1989,0
Ivory Coast,1989,0
Jordan,1989,0
Kazakhstan,1989,0
Kenya,1989,0
"Korea, North",1989,0
Kuwait,1989,0
Kyrgyzstan,1989,0
Laos,1989,0
Lebenon,1989,0
Liberia,1989,0
Malaysia,1989,0
Mauritania,1989,0
Moldova,1989,0
Namibia,1989,0
Nepal,1989,0
Nicaragua,1989,0
Nigeria,1989,0
Pakistan,1989,0
Palestine,1989,0
Republic of South Sudan,1989,0
Romania,1989,0
Rwanda,1989,0
Sierra Leone,1989,0
Somalia,1989,0
Sir Lanka,1989,0
Sudan,1989,0
Syria,1989,0
Tajikistan,1989,0
Thailand,1989,0
The Gambia,1989,0
Togo,1989,0
Uganda,1989,0
Ukraine,1989,0
United Arab Emirates,1989,0
Former Soviet Union,1989,1627
Uzbekistan,1989,0
Venezuela,1989,0
Vietnam,1989,1858
Amerasians,1989,0
West Bank,1989,0
Yugoslavia,1989,0
Zaire,1989,0
Unknown,1989,0
Afghanistan,1988,34
Albania,1988,0
Belarus,1988,0
Bhutan,1988,0
Burma,1988,0
Burundi,1988,0
Cambodia,1988,0
Chad,1988,0
China,1988,0
Columbia,1988,0
Congo,1988,0
Costa Rica,1988,0
Cuba,1988,6
Dem. Rep. Congo,1988,0
Djibouti,1988,0
Ecuador,1988,0
Egypt,1988,0
Eritrea,1988,0
Ethiopia,1988,57
Georgia,1988,0
Ghana,1988,0
Guinea,1988,0
Haiti,1988,0
India,1988,0
Indonesia,1988,0
Iran,1988,27
Iraq,1988,0
Israel,1988,0
Ivory Coast,1988,0
Jordan,1988,0
Kazakhstan,1988,0
Kenya,1988,0
"Korea, North",1988,0
Kuwait,1988,0
Kyrgyzstan,1988,0
Laos,1988,0
Lebenon,1988,0
Liberia,1988,0
Malaysia,1988,0
Mauritania,1988,0
Moldova,1988,0
Namibia,1988,0
Nepal,1988,0
Nicaragua,1988,0
Nigeria,1988,0
Pakistan,1988,0
Palestine,1988,0
Republic of South Sudan,1988,0
Romania,1988,0
Rwanda,1988,0
Sierra Leone,1988,0
Somalia,1988,0
Sir Lanka,1988,0
Sudan,1988,0
Syria,1988,0
Tajikistan,1988,0
Thailand,1988,0
The Gambia,1988,0
Togo,1988,0
Uganda,1988,0
Ukraine,1988,0
United Arab Emirates,1988,0
Former Soviet Union,1988,320
Uzbekistan,1988,0
Venezuela,1988,0
Vietnam,1988,1365
Amerasians,1988,0
West Bank,1988,0
Yugoslavia,1988,0
Zaire,1988,0
Unknown,1988,0
Afghanistan,1987,57
Albania,1987,0
Belarus,1987,0
Bhutan,1987,0
Burma,1987,0
Burundi,1987,0
Cambodia,1987,0
Chad,1987,0
China,1987,0
Columbia,1987,0
Congo,1987,0
Costa Rica,1987,0
Cuba,1987,0
Dem. Rep. Congo,1987,0
Djibouti,1987,0
Ecuador,1987,0
Egypt,1987,0
Eritrea,1987,0
Ethiopia,1987,48
Georgia,1987,0
Ghana,1987,0
Guinea,1987,0
Haiti,1987,0
India,1987,0
Indonesia,1987,0
Iran,1987,50
Iraq,1987,0
Israel,1987,0
Ivory Coast,1987,0
Jordan,1987,0
Kazakhstan,1987,0
Kenya,1987,0
"Korea, North",1987,0
Kuwait,1987,0
Kyrgyzstan,1987,0
Laos,1987,0
Lebenon,1987,0
Liberia,1987,0
Malaysia,1987,0
Mauritania,1987,0
Moldova,1987,0
Namibia,1987,0
Nepal,1987,0
Nicaragua,1987,0
Nigeria,1987,0
Pakistan,1987,0
Palestine,1987,0
Republic of South Sudan,1987,0
Romania,1987,0
Rwanda,1987,0
Sierra Leone,1987,0
Somalia,1987,0
Sir Lanka,1987,0
Sudan,1987,0
Syria,1987,0
Tajikistan,1987,0
Thailand,1987,0
The Gambia,1987,0
Togo,1987,0
Uganda,1987,0
Ukraine,1987,0
United Arab Emirates,1987,0
Former Soviet Union,1987,351
Uzbekistan,1987,0
Venezuela,1987,0
Vietnam,1987,1712
Amerasians,1987,0
West Bank,1987,0
Yugoslavia,1987,0
Zaire,1987,0
Unknown,1987,0
Afghanistan,1986,54
Albania,1986,0
Belarus,1986,0
Bhutan,1986,0
Burma,1986,0
Burundi,1986,0
Cambodia,1986,0
Chad,1986,0
China,1986,0
Columbia,1986,0
Congo,1986,0
Costa Rica,1986,0
Cuba,1986,0
Dem. Rep. Congo,1986,0
Djibouti,1986,0
Ecuador,1986,0
Egypt,1986,0
Eritrea,1986,0
Ethiopia,1986,44
Georgia,1986,0
Ghana,1986,0
Guinea,1986,0
Haiti,1986,0
India,1986,0
Indonesia,1986,0
Iran,1986,42
Iraq,1986,1
Israel,1986,0
Ivory Coast,1986,0
Jordan,1986,0
Kazakhstan,1986,0
Kenya,1986,0
"Korea, North",1986,0
Kuwait,1986,0
Kyrgyzstan,1986,0
Laos,1986,0
Lebenon,1986,0
Liberia,1986,0
Malaysia,1986,0
Mauritania,1986,0
Moldova,1986,0
Namibia,1986,0
Nepal,1986,0
Nicaragua,1986,0
Nigeria,1986,0
Pakistan,1986,0
Palestine,1986,0
Republic of South Sudan,1986,0
Romania,1986,0
Rwanda,1986,0
Sierra Leone,1986,0
Somalia,1986,0
Sir Lanka,1986,0
Sudan,1986,0
Syria,1986,0
Tajikistan,1986,0
Thailand,1986,0
The Gambia,1986,0
Togo,1986,0
Uganda,1986,0
Ukraine,1986,0
United Arab Emirates,1986,0
Former Soviet Union,1986,285
Uzbekistan,1986,0
Venezuela,1986,0
Vietnam,1986,2100
Amerasians,1986,0
West Bank,1986,0
Yugoslavia,1986,0
Zaire,1986,0
Unknown,1986,0
Afghanistan,1985,36
Albania,1985,0
Belarus,1985,0
Bhutan,1985,0
Burma,1985,0
Burundi,1985,0
Cambodia,1985,0
Chad,1985,0
China,1985,0
Columbia,1985,0
Congo,1985,0
Costa Rica,1985,0
Cuba,1985,0
Dem. Rep. Congo,1985,0
Djibouti,1985,0
Ecuador,1985,0
Egypt,1985,0
Eritrea,1985,0
Ethiopia,1985,81
Georgia,1985,0
Ghana,1985,0
Guinea,1985,0
Haiti,1985,0
India,1985,0
Indonesia,1985,0
Iran,1985,47
Iraq,1985,0
Israel,1985,0
Ivory Coast,1985,0
Jordan,1985,0
Kazakhstan,1985,0
Kenya,1985,0
"Korea, North",1985,0
Kuwait,1985,0
Kyrgyzstan,1985,0
Laos,1985,0
Lebenon,1985,0
Liberia,1985,0
Malaysia,1985,0
Mauritania,1985,0
Moldova,1985,0
Namibia,1985,0
Nepal,1985,0
Nicaragua,1985,0
Nigeria,1985,0
Pakistan,1985,0
Palestine,1985,0
Republic of South Sudan,1985,0
Romania,1985,0
Rwanda,1985,0
Sierra Leone,1985,0
Somalia,1985,0
Sir Lanka,1985,0
Sudan,1985,0
Syria,1985,0
Tajikistan,1985,0
Thailand,1985,0
The Gambia,1985,0
Togo,1985,0
Uganda,1985,0
Ukraine,1985,0
United Arab Emirates,1985,0
Former Soviet Union,1985,207
Uzbekistan,1985,0
Venezuela,1985,0
Vietnam,1985,2443
Amerasians,1985,0
West Bank,1985,0
Yugoslavia,1985,0
Zaire,1985,0
Unknown,1985,0
Afghanistan,1984,31
Albania,1984,0
Belarus,1984,0
Bhutan,1984,0
Burma,1984,0
Burundi,1984,0
Cambodia,1984,0
Chad,1984,0
China,1984,0
Columbia,1984,0
Congo,1984,0
Costa Rica,1984,0
Cuba,1984,0
Dem. Rep. Congo,1984,0
Djibouti,1984,0
Ecuador,1984,0
Egypt,1984,0
Eritrea,1984,0
Ethiopia,1984,90
Georgia,1984,0
Ghana,1984,0
Guinea,1984,0
Haiti,1984,0
India,1984,0
Indonesia,1984,0
Iran,1984,43
Iraq,1984,2
Israel,1984,0
Ivory Coast,1984,0
Jordan,1984,0
Kazakhstan,1984,0
Kenya,1984,0
"Korea, North",1984,0
Kuwait,1984,0
Kyrgyzstan,1984,0
Laos,1984,0
Lebenon,1984,0
Liberia,1984,0
Malaysia,1984,0
Mauritania,1984,0
Moldova,1984,0
Namibia,1984,0
Nepal,1984,0
Nicaragua,1984,0
Nigeria,1984,0
Pakistan,1984,0
Palestine,1984,0
Republic of South Sudan,1984,0
Romania,1984,0
Rwanda,1984,0
Sierra Leone,1984,0
Somalia,1984,0
Sir Lanka,1984,0
Sudan,1984,0
Syria,1984,0
Tajikistan,1984,0
Thailand,1984,0
The Gambia,1984,0
Togo,1984,0
Uganda,1984,0
Ukraine,1984,0
United Arab Emirates,1984,0
Former Soviet Union,1984,177
Uzbekistan,1984,0
Venezuela,1984,0
Vietnam,1984,2643
Amerasians,1984,0
West Bank,1984,0
Yugoslavia,1984,0
Zaire,1984,0
Unknown,1984,0
Afghanistan,1983,25
Albania,1983,0
Belarus,1983,0
Bhutan,1983,0
Burma,1983,0
Burundi,1983,0
Cambodia,1983,0
Chad,1983,0
China,1983,0
Columbia,1983,0
Congo,1983,0
Costa Rica,1983,0
Cuba,1983,0
Dem. Rep. Congo,1983,0
Djibouti,1983,0
Ecuador,1983,0
Egypt,1983,0
Eritrea,1983,0
Ethiopia,1983,101
Georgia,1983,0
Ghana,1983,0
Guinea,1983,0
Haiti,1983,0
India,1983,0
Indonesia,1983,0
Iran,1983,7
Iraq,1983,0
Israel,1983,0
Ivory Coast,1983,0
Jordan,1983,0
Kazakhstan,1983,0
Kenya,1983,0
"Korea, North",1983,0
Kuwait,1983,0
Kyrgyzstan,1983,0
Laos,1983,0
Lebenon,1983,0
Liberia,1983,0
Malaysia,1983,0
Mauritania,1983,0
Moldova,1983,0
Namibia,1983,0
Nepal,1983,0
Nicaragua,1983,0
Nigeria,1983,0
Pakistan,1983,0
Palestine,1983,0
Republic of South Sudan,1983,0
Romania,1983,0
Rwanda,1983,0
Sierra Leone,1983,0
Somalia,1983,0
Sir Lanka,1983,0
Sudan,1983,0
Syria,1983,0
Tajikistan,1983,0
Thailand,1983,0
The Gambia,1983,0
Togo,1983,0
Uganda,1983,0
Ukraine,1983,0
United Arab Emirates,1983,0
Former Soviet Union,1983,301
Uzbekistan,1983,0
Venezuela,1983,0
Vietnam,1983,1693
Amerasians,1983,0
West Bank,1983,0
Yugoslavia,1983,0
Zaire,1983,0
Unknown,1983,0
Afghanistan,1982,9
Albania,1982,0
Belarus,1982,0
Bhutan,1982,0
Burma,1982,0
Burundi,1982,0
Cambodia,1982,0
Chad,1982,0
China,1982,0
Columbia,1982,0
Congo,1982,0
Costa Rica,1982,0
Cuba,1982,0
Dem. Rep. Congo,1982,0
Djibouti,1982,0
Ecuador,1982,0
Egypt,1982,0
Eritrea,1982,0
Ethiopia,1982,8
Georgia,1982,0
Ghana,1982,0
Guinea,1982,0
Haiti,1982,0
India,1982,0
Indonesia,1982,0
Iran,1982,0
Iraq,1982,0
Israel,1982,0
Ivory Coast,1982,0
Jordan,1982,0
Kazakhstan,1982,0
Kenya,1982,0
"Korea, North",1982,0
Kuwait,1982,0
Kyrgyzstan,1982,0
Laos,1982,0
Lebenon,1982,0
Liberia,1982,0
Malaysia,1982,0
Mauritania,1982,0
Moldova,1982,0
Namibia,1982,0
Nepal,1982,0
Nicaragua,1982,0
Nigeria,1982,0
Pakistan,1982,0
Palestine,1982,0
Republic of South Sudan,1982,0
Romania,1982,0
Rwanda,1982,0
Sierra Leone,1982,0
Somalia,1982,0
Sir Lanka,1982,0
Sudan,1982,0
Syria,1982,0
Tajikistan,1982,0
Thailand,1982,0
The Gambia,1982,0
Togo,1982,0
Uganda,1982,0
Ukraine,1982,0
United Arab Emirates,1982,0
Former Soviet Union,1982,1
Uzbekistan,1982,0
Venezuela,1982,0
Vietnam,1982,3293
Amerasians,1982,0
West Bank,1982,0
Yugoslavia,1982,0
Zaire,1982,0
Unknown,1982,0
Afghanistan,1981,0
Albania,1981,0
Belarus,1981,0
Bhutan,1981,0
Burma,1981,0
Burundi,1981,0
Cambodia,1981,0
Chad,1981,0
China,1981,0
Columbia,1981,0
Congo,1981,0
Costa Rica,1981,0
Cuba,1981,2
Dem. Rep. Congo,1981,0
Djibouti,1981,0
Ecuador,1981,0
Egypt,1981,0
Eritrea,1981,0
Ethiopia,1981,0
Georgia,1981,0
Ghana,1981,0
Guinea,1981,0
Haiti,1981,0
India,1981,0
Indonesia,1981,0
Iran,1981,0
Iraq,1981,0
Israel,1981,0
Ivory Coast,1981,0
Jordan,1981,0
Kazakhstan,1981,0
Kenya,1981,0
"Korea, North",1981,0
Kuwait,1981,0
Kyrgyzstan,1981,0
Laos,1981,0
Lebenon,1981,0
Liberia,1981,0
Malaysia,1981,0
Mauritania,1981,0
Moldova,1981,0
Namibia,1981,0
Nepal,1981,0
Nicaragua,1981,0
Nigeria,1981,0
Pakistan,1981,0
Palestine,1981,0
Republic of South Sudan,1981,0
Romania,1981,0
Rwanda,1981,0
Sierra Leone,1981,0
Somalia,1981,0
Sir Lanka,1981,0
Sudan,1981,0
Syria,1981,0
Tajikistan,1981,0
Thailand,1981,0
The Gambia,1981,0
Togo,1981,0
Uganda,1981,0
Ukraine,1981,0
United Arab Emirates,1981,0
Former Soviet Union,1981,48
Uzbekistan,1981,0
Venezuela,1981,0
Vietnam,1981,6119
Amerasians,1981,0
West Bank,1981,0
Yugoslavia,1981,0
Zaire,1981,0
Unknown,1981,0
Afghanistan,1980,0
Albania,1980,0
Belarus,1980,0
Bhutan,1980,0
Burma,1980,0
Burundi,1980,0
Cambodia,1980,0
Chad,1980,0
China,1980,0
Columbia,1980,0
Congo,1980,0
Costa Rica,1980,0
Cuba,1980,2
Dem. Rep. Congo,1980,0
Djibouti,1980,0
Ecuador,1980,0
Egypt,1980,0
Eritrea,1980,0
Ethiopia,1980,0
Georgia,1980,0
Ghana,1980,0
Guinea,1980,0
Haiti,1980,0
India,1980,0
Indonesia,1980,0
Iran,1980,0
Iraq,1980,0
Israel,1980,0
Ivory Coast,1980,0
Jordan,1980,0
Kazakhstan,1980,0
Kenya,1980,0
"Korea, North",1980,0
Kuwait,1980,0
Kyrgyzstan,1980,0
Laos,1980,0
Lebenon,1980,0
Liberia,1980,0
Malaysia,1980,0
Mauritania,1980,0
Moldova,1980,0
Namibia,1980,0
Nepal,1980,0
Nicaragua,1980,0
Nigeria,1980,0
Pakistan,1980,0
Palestine,1980,0
Republic of South Sudan,1980,0
Romania,1980,0
Rwanda,1980,0
Sierra Leone,1980,0
Somalia,1980,0
Sir Lanka,1980,0
Sudan,1980,0
Syria,1980,0
Tajikistan,1980,0
Thailand,1980,0
The Gambia,1980,0
Togo,1980,0
Uganda,1980,0
Ukraine,1980,0
United Arab Emirates,1980,0
Former Soviet Union,1980,77
Uzbekistan,1980,0
Venezuela,1980,0
Vietnam,1980,7972
Amerasians,1980,0
West Bank,1980,0
Yugoslavia,1980,0
Zaire,1980,0
Unknown,1980,0
Afghanistan,1979,0
Albania,1979,0
Belarus,1979,0
Bhutan,1979,0
Burma,1979,0
Burundi,1979,0
Cambodia,1979,0
Chad,1979,0
China,1979,0
Columbia,1979,0
Congo,1979,0
Costa Rica,1979,0
Cuba,1979,4
Dem. Rep. Congo,1979,0
Djibouti,1979,0
Ecuador,1979,0
Egypt,1979,0
Eritrea,1979,0
Ethiopia,1979,0
Georgia,1979,0
Ghana,1979,0
Guinea,1979,0
Haiti,1979,0
India,1979,0
Indonesia,1979,0
Iran,1979,0
Iraq,1979,0
Israel,1979,0
Ivory Coast,1979,0
Jordan,1979,0
Kazakhstan,1979,0
Kenya,1979,0
"Korea, North",1979,0
Kuwait,1979,0
Kyrgyzstan,1979,0
Laos,1979,0
Lebenon,1979,0
Liberia,1979,0
Malaysia,1979,0
Mauritania,1979,0
Moldova,1979,0
Namibia,1979,0
Nepal,1979,0
Nicaragua,1979,0
Nigeria,1979,0
Pakistan,1979,0
Palestine,1979,0
Republic of South Sudan,1979,0
Romania,1979,0
Rwanda,1979,0
Sierra Leone,1979,0
Somalia,1979,0
Sir Lanka,1979,0
Sudan,1979,0
Syria,1979,0
Tajikistan,1979,0
Thailand,1979,0
The Gambia,1979,0
Togo,1979,0
Uganda,1979,0
Ukraine,1979,0
United Arab Emirates,1979,0
Former Soviet Union,1979,63
Uzbekistan,1979,0
Venezuela,1979,0
Vietnam,1979,3069
Amerasians,1979,0
West Bank,1979,0
Yugoslavia,1979,0
Zaire,1979,0
Unknown,1979,0
